time_index,values,outlier,series_id
2017-01-01,35.523293,0,1
2017-01-02,41.12043,0,1
2017-01-03,37.308064,0,1
2017-01-04,35.516994,0,1
2017-01-05,35.80234,0,1
2017-01-06,33.612362,0,1
2017-01-07,30.612885,0,1
2017-01-08,29.3128,0,1
2017-01-09,32.90164,0,1
2017-01-10,32.29081,0,1
2017-01-11,35.05376,0,1
2017-01-12,36.965374,0,1
2017-01-13,41.282997,0,1
2017-01-14,37.630646,0,1
2017-01-15,38.861565,0,1
2017-01-16,45.525455,0,1
2017-01-17,42.0282,0,1
2017-01-18,41.416725,0,1
2017-01-19,41.901802,0,1
2017-01-20,41.121807,0,1
2017-01-21,35.15962,0,1
2017-01-22,33.796703,0,1
2017-01-23,36.10722,0,1
2017-01-24,39.436005,0,1
2017-01-25,42.49926,0,1
2017-01-26,42.530075,0,1
2017-01-27,39.10057,0,1
2017-01-28,35.4049,0,1
2017-01-29,34.58665,0,1
2017-01-30,36.198563,0,1
2017-01-31,36.495735,0,1
2017-02-01,34.57264,0,1
2017-02-02,37.446487,0,1
2017-02-03,34.13361,0,1
2017-02-04,29.930113,0,1
2017-02-05,29.275946,0,1
2017-02-06,34.43221,0,1
2017-02-07,36.498814,0,1
2017-02-08,40.02391,0,1
2017-02-09,43.447266,0,1
2017-02-10,40.994022,0,1
2017-02-11,33.400818,0,1
2017-02-12,32.59011,0,1
2017-02-13,33.672447,0,1
2017-02-14,30.604889,0,1
2017-02-15,31.317226,0,1
2017-02-16,37.307053,0,1
2017-02-17,40.18342,0,1
2017-02-18,39.332096,0,1
2017-02-19,41.163723,0,1
2017-02-20,40.445343,0,1
2017-02-21,38.95648,0,1
2017-02-22,34.7588,0,1
2017-02-23,32.342884,0,1
2017-02-24,32.04268,0,1
2017-02-25,28.572752,0,1
2017-02-26,30.353254,0,1
2017-02-27,34.69548,0,1
2017-02-28,34.957954,0,1
2017-03-01,33.368664,0,1
2017-03-02,36.00991,0,1
2017-03-03,41.737465,0,1
2017-03-04,40.592495,0,1
2017-03-05,40.371143,0,1
2017-03-06,45.306374,0,1
2017-03-07,43.00724,0,1
2017-03-08,44.902855,0,1
2017-03-09,41.614628,0,1
2017-03-10,36.948433,0,1
2017-03-11,33.27707,0,1
2017-03-12,34.57468,0,1
2017-03-13,38.94061,0,1
2017-03-14,34.439484,0,1
2017-03-15,31.695066,0,1
2017-03-16,31.47891,0,1
2017-03-17,25.902672,0,1
2017-03-18,21.47421,0,1
2017-03-19,26.347807,0,1
2017-03-20,30.571932,0,1
2017-03-21,29.296616,0,1
2017-03-22,30.201008,0,1
2017-03-23,30.705423,0,1
2017-03-24,34.57795,0,1
2017-03-25,33.986732,0,1
2017-03-26,37.816086,0,1
2017-03-27,44.012157,0,1
2017-03-28,43.81623,0,1
2017-03-29,39.700222,0,1
2017-03-30,41.32919,0,1
2017-03-31,39.523575,0,1
2017-04-01,35.471165,0,1
2017-04-02,32.5392,0,1
2017-04-03,32.96722,0,1
2017-04-04,31.382042,0,1
2017-04-05,34.828053,0,1
2017-04-06,34.418694,0,1
2017-04-07,34.42525,0,1
2017-04-08,32.657856,0,1
2017-04-09,36.021427,0,1
2017-04-10,41.20465,0,1
2017-04-11,40.222355,0,1
2017-04-12,39.32483,0,1
2017-04-13,35.06148,0,1
2017-04-14,29.171057,0,1
2017-04-15,23.579803,0,1
2017-04-16,28.054577,0,1
2017-04-17,38.340263,0,1
2017-04-18,39.08578,0,1
2017-04-19,39.6462,0,1
2017-04-20,35.891197,0,1
2017-04-21,37.154366,0,1
2017-04-22,35.344646,0,1
2017-04-23,33.581116,0,1
2017-04-24,32.444653,0,1
2017-04-25,31.231134,0,1
2017-04-26,34.115177,0,1
2017-04-27,35.99752,0,1
2017-04-28,42.162548,0,1
2017-04-29,40.22085,0,1
2017-04-30,37.758663,0,1
2017-05-01,39.279736,0,1
2017-05-02,37.220932,0,1
2017-05-03,39.01019,0,1
2017-05-04,40.374657,0,1
2017-05-05,41.040573,0,1
2017-05-06,35.399082,0,1
2017-05-07,28.845266,0,1
2017-05-08,34.006527,0,1
2017-05-09,34.709343,0,1
2017-05-10,32.151672,0,1
2017-05-11,34.014824,0,1
2017-05-12,34.729256,0,1
2017-05-13,28.383945,0,1
2017-05-14,25.470642,0,1
2017-05-15,26.437164,0,1
2017-05-16,26.710592,0,1
2017-05-17,25.629326,0,1
2017-05-18,30.428896,0,1
2017-05-19,32.439213,0,1
2017-05-20,27.749693,0,1
2017-05-21,29.386133,0,1
2017-05-22,38.48748,0,1
2017-05-23,40.150555,0,1
2017-05-24,40.38061,0,1
2017-05-25,41.660885,0,1
2017-05-26,44.081196,0,1
2017-05-27,37.913887,0,1
2017-05-28,35.484543,0,1
2017-05-29,40.15691,0,1
2017-05-30,39.9642,0,1
2017-05-31,37.962902,0,1
2017-06-01,33.5025,0,1
2017-06-02,27.992573,0,1
2017-06-03,19.528128,0,1
2017-06-04,19.456438,0,1
2017-06-05,33.58256,0,1
2017-06-06,43.11585,0,1
2017-06-07,47.76152,0,1
2017-06-08,48.49607,0,1
2017-06-09,46.122684,0,1
2017-06-10,36.948364,0,1
2017-06-11,34.64641,0,1
2017-06-12,41.911217,0,1
2017-06-13,44.25005,0,1
2017-06-14,41.269802,0,1
2017-06-15,41.634968,0,1
2017-06-16,39.24603,0,1
2017-06-17,36.554264,0,1
2017-06-18,36.702675,0,1
2017-06-19,42.98521,0,1
2017-06-20,46.507736,0,1
2017-06-21,43.77335,0,1
2017-06-22,40.693356,0,1
2017-06-23,42.431244,0,1
2017-06-24,37.431084,0,1
2017-06-25,38.02266,0,1
2017-06-26,39.383846,0,1
2017-06-27,36.939976,0,1
2017-06-28,34.89145,0,1
2017-06-29,29.064959,0,1
2017-06-30,30.233452,0,1
2017-07-01,29.539576,0,1
2017-07-02,33.199818,0,1
2017-07-03,40.0001,0,1
2017-07-04,37.506405,0,1
2017-07-05,40.585247,0,1
2017-07-06,42.17914,0,1
2017-07-07,48.858364,0,1
2017-07-08,41.36078,0,1
2017-07-09,39.854416,0,1
2017-07-10,41.97723,0,1
2017-07-11,41.352528,0,1
2017-07-12,38.330704,0,1
2017-07-13,38.91096,0,1
2017-07-14,38.950047,0,1
2017-07-15,36.865322,0,1
2017-07-16,40.251984,0,1
2017-07-17,45.09102,0,1
2017-07-18,45.392693,0,1
2017-07-19,47.347538,0,1
2017-07-20,48.317505,0,1
2017-07-21,50.99644,0,1
2017-07-22,38.76572,0,1
2017-07-23,31.231083,0,1
2017-07-24,29.143288,0,1
2017-07-25,28.413046,0,1
2017-07-26,30.99456,0,1
2017-07-27,30.625906,0,1
2017-07-28,32.023396,0,1
2017-07-29,34.23597,0,1
2017-07-30,37.03151,0,1
2017-07-31,45.401608,0,1
2017-08-01,42.31491,0,1
2017-08-02,40.573696,0,1
2017-08-03,40.16986,0,1
2017-08-04,43.988346,0,1
2017-08-05,37.412067,0,1
2017-08-06,38.067596,0,1
2017-08-07,40.96039,0,1
2017-08-08,40.250233,0,1
2017-08-09,40.565975,0,1
2017-08-10,33.617958,0,1
2017-08-11,31.662142,0,1
2017-08-12,29.23023,0,1
2017-08-13,32.522106,0,1
2017-08-14,38.506542,0,1
2017-08-15,36.313377,0,1
2017-08-16,34.652225,0,1
2017-08-17,38.140903,0,1
2017-08-18,37.185352,0,1
2017-08-19,29.810556,0,1
2017-08-20,25.835384,0,1
2017-08-21,29.489151,0,1
2017-08-22,29.329565,0,1
2017-08-23,28.136082,0,1
2017-08-24,28.996159,0,1
2017-08-25,32.25216,0,1
2017-08-26,32.279297,0,1
2017-08-27,32.40845,0,1
2017-08-28,33.147186,0,1
2017-08-29,27.614399,0,1
2017-08-30,25.625599,0,1
2017-08-31,28.783142,0,1
2017-09-01,30.453947,0,1
2017-09-02,30.18428,0,1
2017-09-03,32.81332,0,1
2017-09-04,39.521008,0,1
2017-09-05,42.584396,0,1
2017-09-06,46.38844,0,1
2017-09-07,43.729286,0,1
2017-09-08,34.624493,0,1
2017-09-09,27.306305,0,1
2017-09-10,25.115147,0,1
2017-09-11,27.480198,0,1
2017-09-12,27.130278,0,1
2017-09-13,26.319042,0,1
2017-09-14,25.488401,0,1
2017-09-15,29.83804,0,1
2017-09-16,34.702988,0,1
2017-09-17,38.452065,0,1
2017-09-18,45.333084,0,1
2017-09-19,43.541958,0,1
2017-09-20,41.656452,0,1
2017-09-21,37.017406,0,1
2017-09-22,37.45317,0,1
2017-09-23,32.23362,0,1
2017-09-24,31.48909,0,1
2017-09-25,32.035267,0,1
2017-09-26,33.236835,0,1
2017-09-27,35.912117,0,1
2017-09-28,37.091103,0,1
2017-09-29,35.47249,0,1
2017-09-30,28.486029,0,1
2017-10-01,24.534685,0,1
2017-10-02,26.909433,0,1
2017-10-03,25.831259,0,1
2017-10-04,26.687263,0,1
2017-10-05,26.81613,0,1
2017-10-06,30.185781,0,1
2017-10-07,30.395159,0,1
2017-10-08,29.449898,0,1
2017-10-09,33.73074,0,1
2017-10-10,35.808243,0,1
2017-10-11,37.990376,0,1
2017-10-12,37.63235,0,1
2017-10-13,32.673203,0,1
2017-10-14,27.55717,0,1
2017-10-15,27.409595,0,1
2017-10-16,32.234715,0,1
2017-10-17,31.488535,0,1
2017-10-18,32.050613,0,1
2017-10-19,34.04883,0,1
2017-10-20,32.7705,0,1
2017-10-21,30.818884,0,1
2017-10-22,32.46387,0,1
2017-10-23,40.39886,0,1
2017-10-24,42.06299,0,1
2017-10-25,40.103214,0,1
2017-10-26,41.033318,0,1
2017-10-27,45.42887,0,1
2017-10-28,37.656693,0,1
2017-10-29,34.30831,0,1
2017-10-30,38.19302,0,1
2017-10-31,37.57234,0,1
2017-11-01,36.41939,0,1
2017-11-02,33.86294,0,1
2017-11-03,30.285538,0,1
2017-11-04,28.708496,0,1
2017-11-05,30.440538,0,1
2017-11-06,35.858852,0,1
2017-11-07,36.13292,0,1
2017-11-08,36.077465,0,1
2017-11-09,30.233412,0,1
2017-11-10,33.050323,0,1
2017-11-11,30.61243,0,1
2017-11-12,29.088587,0,1
2017-11-13,33.061703,0,1
2017-11-14,33.74662,0,1
2017-11-15,34.31407,0,1
2017-11-16,30.458126,0,1
2017-11-17,30.809696,0,1
2017-11-18,31.686207,0,1
2017-11-19,36.46841,0,1
2017-11-20,40.395294,0,1
2017-11-21,39.305588,0,1
2017-11-22,36.013348,0,1
2017-11-23,39.54199,0,1
2017-11-24,40.066833,0,1
2017-11-25,34.99307,0,1
2017-11-26,35.467976,0,1
2017-11-27,42.72017,0,1
2017-11-28,42.84855,0,1
2017-11-29,44.576332,0,1
2017-11-30,44.631485,0,1
2017-12-01,47.457367,0,1
2017-12-02,41.11565,0,1
2017-12-03,37.773087,0,1
2017-12-04,44.387604,0,1
2017-12-05,39.769695,0,1
2017-12-06,36.578716,0,1
2017-12-07,31.761286,0,1
2017-12-08,31.197584,0,1
2017-12-09,26.77544,0,1
2017-12-10,30.333534,0,1
2017-12-11,36.861378,0,1
2017-12-12,38.660355,0,1
2017-12-13,40.815205,0,1
2017-12-14,40.52551,0,1
2017-12-15,41.189976,0,1
2017-12-16,38.48518,0,1
2017-12-17,43.2711,0,1
2017-12-18,51.838707,0,1
2017-12-19,45.884068,0,1
2017-12-20,39.558376,0,1
2017-12-21,34.17551,0,1
2017-12-22,31.20008,0,1
2017-12-23,26.875906,0,1
2017-12-24,32.659065,0,1
2017-12-25,36.954952,0,1
2017-12-26,36.382114,0,1
2017-12-27,32.537483,0,1
2017-12-28,33.647575,0,1
2017-12-29,36.735992,0,1
2017-12-30,38.307247,0,1
2017-12-31,40.55689,0,1
2018-01-01,45.308556,0,1
2018-01-02,41.994724,0,1
2018-01-03,34.078007,0,1
2018-01-04,28.612175,0,1
2018-01-05,26.160192,0,1
2018-01-06,22.111261,0,1
2018-01-07,25.653059,0,1
2018-01-08,35.41657,0,1
2018-01-09,38.485443,0,1
2018-01-10,37.99652,0,1
2018-01-11,35.68792,0,1
2018-01-12,33.254463,0,1
2018-01-13,28.447016,0,1
2018-01-14,29.397396,0,1
2018-01-15,36.876747,0,1
2018-01-16,36.7952,0,1
2018-01-17,38.636253,0,1
2018-01-18,42.737473,0,1
2018-01-19,40.29884,0,1
2018-01-20,28.782444,0,1
2018-01-21,25.530031,0,1
2018-01-22,32.907352,0,1
2018-01-23,35.998714,0,1
2018-01-24,39.006626,0,1
2018-01-25,42.111637,0,1
2018-01-26,48.161915,0,1
2018-01-27,44.382797,0,1
2018-01-28,40.516895,0,1
2018-01-29,40.608074,0,1
2018-01-30,40.847008,0,1
2018-01-31,42.610943,0,1
2018-02-01,42.570393,0,1
2018-02-02,35.572918,0,1
2018-02-03,31.899618,0,1
2018-02-04,33.834644,0,1
2018-02-05,40.51545,0,1
2018-02-06,41.82957,0,1
2018-02-07,39.38799,0,1
2018-02-08,37.86294,0,1
2018-02-09,36.242393,0,1
2018-02-10,30.510506,0,1
2018-02-11,26.798141,0,1
2018-02-12,34.645447,0,1
2018-02-13,35.925194,0,1
2018-02-14,36.059265,0,1
2018-02-15,29.629263,0,1
2018-02-16,26.448586,0,1
2018-02-17,25.873377,0,1
2018-02-18,29.704775,0,1
2018-02-19,36.664017,0,1
2018-02-20,42.980686,0,1
2018-02-21,43.99516,0,1
2018-02-22,42.978638,0,1
2018-02-23,37.968605,0,1
2018-02-24,30.544369,0,1
2018-02-25,25.636282,0,1
2018-02-26,30.45833,0,1
2018-02-27,29.84319,0,1
2018-02-28,30.571447,0,1
2018-03-01,31.57473,0,1
2018-03-02,36.807327,0,1
2018-03-03,34.152554,0,1
2018-03-04,34.77252,0,1
2018-03-05,37.91366,0,1
2018-03-06,35.384598,0,1
2018-03-07,37.012142,0,1
2018-03-08,37.64555,0,1
2018-03-09,38.010334,0,1
2018-03-10,32.70736,0,1
2018-03-11,29.56453,0,1
2018-03-12,37.2046,0,1
2018-03-13,37.959667,0,1
2018-03-14,37.86444,0,1
2018-03-15,35.597725,0,1
2018-03-16,38.18563,0,1
2018-03-17,37.124973,0,1
2018-03-18,36.03971,0,1
2018-03-19,39.772575,0,1
2018-03-20,39.263763,0,1
2018-03-21,36.99783,0,1
2018-03-22,39.367107,0,1
2018-03-23,36.96615,0,1
2018-03-24,29.740988,0,1
2018-03-25,27.424719,0,1
2018-03-26,34.75086,0,1
2018-03-27,38.43513,0,1
2018-03-28,36.408867,0,1
2018-03-29,34.552525,0,1
2018-03-30,39.190857,0,1
2018-03-31,35.34495,0,1
2018-04-01,31.230104,0,1
2018-04-02,32.2109,0,1
2018-04-03,26.273552,0,1
2018-04-04,26.733852,0,1
2018-04-05,28.53964,0,1
2018-04-06,31.98109,0,1
2018-04-07,26.471973,0,1
2018-04-08,25.224445,0,1
2018-04-09,28.865515,0,1
2018-04-10,31.94358,0,1
2018-04-11,36.57061,0,1
2018-04-12,40.584385,0,1
2018-04-13,43.51222,0,1
2018-04-14,38.21467,0,1
2018-04-15,37.728558,0,1
2018-04-16,40.63563,0,1
2018-04-17,34.843647,0,1
2018-04-18,30.157423,0,1
2018-04-19,31.410583,0,1
2018-04-20,31.765484,0,1
2018-04-21,28.991594,0,1
2018-04-22,27.35993,0,1
2018-04-23,35.470383,0,1
2018-04-24,38.22653,0,1
2018-04-25,40.60738,0,1
2018-04-26,42.51486,0,1
2018-04-27,42.93498,0,1
2018-04-28,35.8369,0,1
2018-04-29,32.994843,0,1
2018-04-30,39.37474,0,1
2018-05-01,42.4732,0,1
2018-05-02,42.331867,0,1
2018-05-03,42.348648,0,1
2018-05-04,42.462208,0,1
2018-05-05,35.050873,0,1
2018-05-06,35.473614,0,1
2018-05-07,39.422234,0,1
2018-05-08,40.64316,0,1
2018-05-09,39.36181,0,1
2018-05-10,39.681324,0,1
2018-05-11,38.596767,0,1
2018-05-12,31.427887,0,1
2018-05-13,29.857904,0,1
2018-05-14,33.66252,0,1
2018-05-15,34.74814,0,1
2018-05-16,34.481667,0,1
2018-05-17,33.34755,0,1
2018-05-18,37.20565,0,1
2018-05-19,35.793415,0,1
2018-05-20,37.810406,0,1
2018-05-21,43.124462,0,1
2018-05-22,43.577316,0,1
2018-05-23,41.769035,0,1
2018-05-24,39.72955,0,1
2018-05-25,36.688755,0,1
2018-05-26,33.917877,0,1
2018-05-27,28.508913,0,1
2018-05-28,30.793367,0,1
2018-05-29,31.405376,0,1
2018-05-30,37.525223,0,1
2018-05-31,35.559517,0,1
2018-06-01,34.381977,0,1
2018-06-02,29.98882,0,1
2018-06-03,34.07062,0,1
2018-06-04,47.9574,0,1
2018-06-05,47.548046,0,1
2018-06-06,42.73328,0,1
2018-06-07,40.87983,0,1
2018-06-08,42.25448,0,1
2018-06-09,36.150368,0,1
2018-06-10,34.252613,0,1
2018-06-11,38.536682,0,1
2018-06-12,40.254074,0,1
2018-06-13,42.651733,0,1
2018-06-14,41.972233,0,1
2018-06-15,37.230232,0,1
2018-06-16,29.742235,0,1
2018-06-17,28.64957,0,1
2018-06-18,31.855583,0,1
2018-06-19,34.118565,0,1
2018-06-20,32.50398,0,1
2018-06-21,36.060547,0,1
2018-06-22,36.974407,0,1
2018-06-23,37.755165,0,1
2018-06-24,41.415916,0,1
2018-06-25,43.86251,0,1
2018-06-26,42.362522,0,1
2018-06-27,43.62018,0,1
2018-06-28,39.472775,0,1
2018-06-29,37.333805,0,1
2018-06-30,30.373045,0,1
2018-07-01,31.988916,0,1
2018-07-02,35.875454,0,1
2018-07-03,34.314606,0,1
2018-07-04,33.64341,0,1
2018-07-05,37.80583,0,1
2018-07-06,39.55106,0,1
2018-07-07,33.37853,0,1
2018-07-08,36.609047,0,1
2018-07-09,43.0876,0,1
2018-07-10,41.121002,0,1
2018-07-11,35.258183,0,1
2018-07-12,33.67376,0,1
2018-07-13,37.19287,0,1
2018-07-14,36.188107,0,1
2018-07-15,37.140007,0,1
2018-07-16,45.377003,0,1
2018-07-17,51.94352,0,1
2018-07-18,51.717693,0,1
2018-07-19,49.6781,0,1
2018-07-20,46.037724,0,1
2018-07-21,43.11578,0,1
2018-07-22,38.584442,0,1
2018-07-23,42.18131,0,1
2018-07-24,44.68178,0,1
2018-07-25,46.193756,0,1
2018-07-26,43.047443,0,1
2018-07-27,40.076084,0,1
2018-07-28,33.90031,0,1
2018-07-29,34.922752,0,1
2018-07-30,38.827663,0,1
2018-07-31,41.737984,0,1
2018-08-01,41.570423,0,1
2018-08-02,42.768887,0,1
2018-08-03,40.01008,0,1
2018-08-04,35.04562,0,1
2018-08-05,34.918877,0,1
2018-08-06,41.77973,0,1
2018-08-07,43.521263,0,1
2018-08-08,40.588516,0,1
2018-08-09,38.353607,0,1
2018-08-10,37.973843,0,1
2018-08-11,30.635975,0,1
2018-08-12,28.92853,0,1
2018-08-13,36.705116,0,1
2018-08-14,39.087204,0,1
2018-08-15,40.884254,0,1
2018-08-16,42.385586,0,1
2018-08-17,44.4274,0,1
2018-08-18,42.09024,0,1
2018-08-19,46.11537,0,1
2018-08-20,52.185566,0,1
2018-08-21,44.52257,0,1
2018-08-22,39.206768,0,1
2018-08-23,34.899303,0,1
2018-08-24,40.27643,0,1
2018-08-25,41.020836,0,1
2018-08-26,38.623188,0,1
2018-08-27,37.033546,0,1
2018-08-28,32.802692,0,1
2018-08-29,32.586388,0,1
2018-08-30,31.952944,0,1
2018-08-31,30.766945,0,1
2018-09-01,28.266659,0,1
2018-09-02,31.385475,0,1
2018-09-03,40.468636,0,1
2018-09-04,39.723892,0,1
2018-09-05,33.961536,0,1
2018-09-06,30.334778,0,1
2018-09-07,30.65782,0,1
2018-09-08,28.27952,0,1
2018-09-09,27.153704,0,1
2018-09-10,34.215916,0,1
2018-09-11,29.677336,0,1
2018-09-12,28.275639,0,1
2018-09-13,30.478642,0,1
2018-09-14,36.78487,0,1
2018-09-15,35.475384,0,1
2018-09-16,35.180893,0,1
2018-09-17,35.674633,0,1
2018-09-18,36.484215,0,1
2018-09-19,33.81679,0,1
2018-09-20,36.827187,0,1
2018-09-21,38.394222,0,1
2018-09-22,40.811024,0,1
2018-09-23,42.082485,0,1
2018-09-24,45.156498,0,1
2018-09-25,43.42032,0,1
2018-09-26,41.663445,0,1
2018-09-27,39.68528,0,1
2018-09-28,37.09844,0,1
2018-09-29,29.670921,0,1
2018-09-30,29.923635,0,1
2018-10-01,35.73876,0,1
2018-10-02,36.13285,0,1
2018-10-03,35.24635,0,1
2018-10-04,36.087543,0,1
2018-10-05,33.524914,0,1
2018-10-06,27.877262,0,1
2018-10-07,30.283007,0,1
2018-10-08,38.340637,0,1
2018-10-09,46.735924,0,1
2018-10-10,47.322838,0,1
2018-10-11,42.771584,0,1
2018-10-12,37.034306,0,1
2018-10-13,34.014256,0,1
2018-10-14,30.602615,0,1
2018-10-15,34.744545,0,1
2018-10-16,33.968765,0,1
2018-10-17,34.33344,0,1
2018-10-18,30.876076,0,1
2018-10-19,26.932388,0,1
2018-10-20,23.495651,0,1
2018-10-21,29.262003,0,1
2018-10-22,37.220272,0,1
2018-10-23,39.352066,0,1
2018-10-24,41.32086,0,1
2018-10-25,40.100147,0,1
2018-10-26,35.506134,0,1
2018-10-27,30.235258,0,1
2018-10-28,33.15237,0,1
2018-10-29,38.633327,0,1
2018-10-30,39.515007,0,1
2018-10-31,35.341343,0,1
2018-11-01,32.683857,0,1
2018-11-02,33.812122,0,1
2018-11-03,32.169594,0,1
2018-11-04,37.670033,0,1
2018-11-05,43.70962,0,1
2018-11-06,43.342083,0,1
2018-11-07,47.926918,0,1
2018-11-08,45.45114,0,1
2018-11-09,44.10915,0,1
2018-11-10,35.582527,0,1
2018-11-11,30.80798,0,1
2018-11-12,31.76325,0,1
2018-11-13,35.414646,0,1
2018-11-14,36.94482,0,1
2018-11-15,34.784073,0,1
2018-11-16,37.492443,0,1
2018-11-17,36.780514,0,1
2018-11-18,37.353516,0,1
2018-11-19,43.583862,0,1
2018-11-20,38.92888,0,1
2018-11-21,36.086304,0,1
2018-11-22,34.723038,0,1
2018-11-23,37.88254,0,1
2018-11-24,34.73973,0,1
2018-11-25,33.405952,0,1
2018-11-26,36.52386,0,1
2018-11-27,38.082047,0,1
2018-11-28,36.283527,0,1
2018-11-29,36.006363,0,1
2018-11-30,36.515377,0,1
2018-12-01,34.83015,0,1
2018-12-02,35.97776,0,1
2018-12-03,41.572163,0,1
2018-12-04,43.248383,0,1
2018-12-05,43.77232,0,1
2018-12-06,40.883644,0,1
2018-12-07,35.95467,0,1
2018-12-08,33.434296,0,1
2018-12-09,34.18147,0,1
2018-12-10,36.60639,0,1
2018-12-11,34.596905,0,1
2018-12-12,36.59672,0,1
2018-12-13,41.777508,0,1
2018-12-14,39.511086,0,1
2018-12-15,34.96232,0,1
2018-12-16,36.385788,0,1
2018-12-17,44.33945,0,1
2018-12-18,42.421535,0,1
2018-12-19,43.35032,0,1
2018-12-20,42.88076,0,1
2018-12-21,45.171936,0,1
2018-12-22,41.37628,0,1
2018-12-23,40.120132,0,1
2018-12-24,40.724808,0,1
2018-12-25,33.00977,0,1
2018-12-26,30.32796,0,1
2018-12-27,29.485815,0,1
2018-12-28,36.238373,0,1
2018-12-29,33.886818,0,1
2018-12-30,32.61777,0,1
2018-12-31,39.623062,0,1
2019-01-01,41.9645,0,1
2019-01-02,44.661613,0,1
2019-01-03,42.27239,0,1
2019-01-04,43.03211,0,1
2019-01-05,36.97106,0,1
2019-01-06,37.78096,0,1
2019-01-07,36.751015,0,1
2019-01-08,32.81189,0,1
2019-01-09,32.57461,0,1
2019-01-10,35.995663,0,1
2019-01-11,35.39946,0,1
2019-01-12,28.475101,0,1
2019-01-13,29.733751,0,1
2019-01-14,34.75457,0,1
2019-01-15,36.944187,0,1
2019-01-16,35.802734,0,1
2019-01-17,36.92169,0,1
2019-01-18,37.575294,0,1
2019-01-19,32.777252,0,1
2019-01-20,35.813633,0,1
2019-01-21,41.589314,0,1
2019-01-22,42.43889,0,1
2019-01-23,40.66129,0,1
2019-01-24,40.70448,0,1
2019-01-25,43.74978,0,1
2019-01-26,42.142654,0,1
2019-01-27,38.24942,0,1
2019-01-28,42.182205,0,1
2019-01-29,41.24952,0,1
2019-01-30,43.508423,0,1
2019-01-31,42.389915,0,1
2019-02-01,42.184364,0,1
2019-02-02,31.859537,0,1
2019-02-03,31.795166,0,1
2019-02-04,36.58136,0,1
2019-02-05,40.21868,0,1
2019-02-06,39.47938,0,1
2019-02-07,38.333797,0,1
2019-02-08,33.808662,0,1
2019-02-09,31.89573,0,1
2019-02-10,36.418472,0,1
2019-02-11,43.24974,0,1
2019-02-12,43.685555,0,1
2019-02-13,39.013466,0,1
2019-02-14,37.644493,0,1
2019-02-15,34.346226,0,1
2019-02-16,29.622845,0,1
2019-02-17,28.424208,0,1
2019-02-18,33.65958,0,1
2019-02-19,30.732058,0,1
2019-02-20,32.341434,0,1
2019-02-21,35.94723,0,1
2019-02-22,39.688892,0,1
2019-02-23,35.032207,0,1
2019-02-24,32.834587,0,1
2019-02-25,32.271194,0,1
2019-02-26,27.076754,0,1
2019-02-27,26.461355,0,1
2019-02-28,25.309277,0,1
2019-03-01,28.377121,0,1
2019-03-02,28.039536,0,1
2019-03-03,27.24469,0,1
2019-03-04,29.682323,0,1
2019-03-05,28.09175,0,1
2019-03-06,36.356644,0,1
2019-03-07,37.61952,0,1
2019-03-08,44.57919,0,1
2019-03-09,41.173176,0,1
2019-03-10,44.704865,0,1
2019-03-11,47.25762,0,1
2019-03-12,44.70122,0,1
2019-03-13,43.311234,0,1
2019-03-14,38.207928,0,1
2019-03-15,36.023018,0,1
2019-03-16,34.463444,0,1
2019-03-17,35.22244,0,1
2019-03-18,39.40543,0,1
2019-03-19,36.915043,0,1
2019-03-20,40.19702,0,1
2019-03-21,41.805855,0,1
2019-03-22,48.151833,0,1
2019-03-23,45.743645,0,1
2019-03-24,46.38243,0,1
2019-03-25,49.495403,0,1
2019-03-26,44.784897,0,1
2019-03-27,43.640415,0,1
2019-03-28,43.146458,0,1
2019-03-29,40.739616,0,1
2019-03-30,32.125786,0,1
2019-03-31,28.385267,0,1
2019-04-01,30.06486,0,1
2019-04-02,34.178215,0,1
2019-04-03,37.49331,0,1
2019-04-04,43.232437,0,1
2019-04-05,43.028915,0,1
2019-04-06,37.953693,0,1
2019-04-07,29.718496,0,1
2019-04-08,32.63848,0,1
2019-04-09,33.07175,0,1
2019-04-10,34.547256,0,1
2019-04-11,28.683426,0,1
2019-04-12,30.889378,0,1
2019-04-13,31.238293,0,1
2019-04-14,37.0932,0,1
2019-04-15,37.33398,0,1
2019-04-16,33.724644,0,1
2019-04-17,29.938942,0,1
2019-04-18,33.479652,0,1
2019-04-19,38.66477,0,1
2019-04-20,34.847687,0,1
2019-04-21,38.399315,0,1
2019-04-22,39.428535,0,1
2019-04-23,34.18666,0,1
2019-04-24,35.046494,0,1
2019-04-25,41.098553,0,1
2019-04-26,45.071854,0,1
2019-04-27,36.010174,0,1
2019-04-28,32.52541,0,1
2019-04-29,32.774055,0,1
2019-04-30,36.76047,0,1
2019-05-01,42.68886,0,1
2019-05-02,48.824547,0,1
2019-05-03,50.711613,0,1
2019-05-04,43.119728,0,1
2019-05-05,40.85106,0,1
2019-05-06,44.607357,0,1
2019-05-07,44.664696,0,1
2019-05-08,43.539814,0,1
2019-05-09,38.11546,0,1
2019-05-10,33.802757,0,1
2019-05-11,28.67772,0,1
2019-05-12,29.955814,0,1
2019-05-13,39.347546,0,1
2019-05-14,38.620407,0,1
2019-05-15,38.48042,0,1
2019-05-16,37.39018,0,1
2019-05-17,42.752037,0,1
2019-05-18,42.347794,0,1
2019-05-19,44.586193,0,1
2019-05-20,48.5908,0,1
2019-05-21,45.557045,0,1
2019-05-22,41.15805,0,1
2019-05-23,40.644855,0,1
2019-05-24,36.537594,0,1
2019-05-25,34.576324,0,1
2019-05-26,35.492237,0,1
2019-05-27,46.7379,0,1
2019-05-28,46.50829,0,1
2019-05-29,41.31428,0,1
2019-05-30,35.11388,0,1
2019-05-31,33.145493,0,1
2019-06-01,28.034794,0,1
2019-06-02,30.568792,0,1
2019-06-03,33.630974,0,1
2019-06-04,35.872906,0,1
2019-06-05,38.801395,0,1
2019-06-06,42.48881,0,1
2019-06-07,44.474617,0,1
2019-06-08,39.075832,0,1
2019-06-09,37.64655,0,1
2019-06-10,37.82912,0,1
2019-06-11,34.994373,0,1
2019-06-12,33.34754,0,1
2019-06-13,31.223051,0,1
2019-06-14,32.981075,0,1
2019-06-15,32.26936,0,1
2019-06-16,36.04514,0,1
2019-06-17,40.05829,0,1
2019-06-18,38.468647,0,1
2019-06-19,34.789383,0,1
2019-06-20,38.269802,0,1
2019-06-21,35.775513,0,1
2019-06-22,28.100805,0,1
2019-06-23,28.61594,0,1
2019-06-24,33.000793,0,1
2019-06-25,33.921604,0,1
2019-06-26,36.544796,0,1
2019-06-27,42.43947,0,1
2019-06-28,42.97806,0,1
2019-06-29,35.078934,0,1
2019-06-30,35.15013,0,1
2019-07-01,34.63204,0,1
2019-07-02,33.503468,0,1
2019-07-03,32.398666,0,1
2019-07-04,33.887203,0,1
2019-07-05,34.683956,0,1
2019-07-06,31.483278,0,1
2019-07-07,29.849289,0,1
2019-07-08,32.594204,0,1
2019-07-09,35.946877,0,1
2019-07-10,34.66041,0,1
2019-07-11,33.07189,0,1
2019-07-12,35.00345,0,1
2019-07-13,31.358028,0,1
2019-07-14,32.0385,0,1
2019-07-15,34.608047,0,1
2019-07-16,36.157814,0,1
2019-07-17,40.23989,0,1
2019-07-18,38.706177,0,1
2019-07-19,35.11107,0,1
2019-07-20,32.329117,0,1
2019-07-21,28.757332,0,1
2019-07-22,27.984884,0,1
2019-07-23,27.602983,0,1
2019-07-24,30.92618,0,1
2019-07-25,35.668755,0,1
2019-07-26,38.93589,0,1
2019-07-27,35.031055,0,1
2019-07-28,35.562435,0,1
2019-07-29,38.029224,0,1
2019-07-30,35.076973,0,1
2019-07-31,33.249866,0,1
2019-08-01,35.646324,0,1
2019-08-02,37.65397,0,1
2019-08-03,32.29836,0,1
2019-08-04,29.999846,0,1
2019-08-05,37.241394,0,1
2019-08-06,34.42723,0,1
2019-08-07,37.381012,0,1
2019-08-08,36.17588,0,1
2019-08-09,36.457554,0,1
2019-08-10,30.876133,0,1
2019-08-11,30.792843,0,1
2019-08-12,36.589897,0,1
2019-08-13,38.364117,0,1
2019-08-14,38.268627,0,1
2019-08-15,37.415134,0,1
2019-08-16,39.272625,0,1
2019-08-17,34.611004,0,1
2019-08-18,33.96955,0,1
2019-08-19,36.682625,0,1
2019-08-20,35.368534,0,1
2019-08-21,33.998177,0,1
2019-08-22,36.219696,0,1
2019-08-23,32.55246,0,1
2019-08-24,28.56221,0,1
2019-08-25,26.850714,0,1
2019-08-26,35.069256,0,1
2019-08-27,40.206596,0,1
2019-08-28,42.352924,0,1
2019-08-29,43.736893,0,1
2019-08-30,43.330887,0,1
2019-08-31,38.47335,0,1
2019-09-01,37.282024,0,1
2019-09-02,42.52942,0,1
2019-09-03,41.434624,0,1
2019-09-04,38.652576,0,1
2019-09-05,39.56592,0,1
2019-09-06,37.894577,0,1
2019-09-07,36.41954,0,1
2019-09-08,36.708103,0,1
2019-09-09,44.673653,0,1
2019-09-10,42.659386,0,1
2019-09-11,41.99254,0,1
2019-09-12,43.67236,0,1
2019-09-13,40.74279,0,1
2019-09-14,29.76926,0,1
2019-09-15,29.530117,0,1
2019-09-16,38.11317,0,1
2019-09-17,42.04141,0,1
2019-09-18,41.685463,0,1
2019-09-19,41.420986,0,1
2019-09-20,38.441917,0,1
2019-09-21,31.363632,0,1
2019-09-22,31.5003,0,1
2019-09-23,38.858513,0,1
2019-09-24,41.69296,0,1
2019-09-25,38.715534,0,1
2019-09-26,35.83222,0,1
2019-09-27,34.621964,0,1
2019-09-28,30.701283,0,1
2019-09-29,32.74517,0,1
2019-09-30,39.118557,0,1
2019-10-01,37.531567,0,1
2019-10-02,32.88641,0,1
2019-10-03,29.39375,0,1
2019-10-04,32.696968,0,1
2019-10-05,35.747456,0,1
2019-10-06,37.457966,0,1
2019-10-07,45.75015,0,1
2019-10-08,47.738697,0,1
2019-10-09,44.81667,0,1
2019-10-10,41.170452,0,1
2019-10-11,41.03189,0,1
2019-10-12,32.630512,0,1
2019-10-13,32.485394,0,1
2019-10-14,37.25724,0,1
2019-10-15,39.358738,0,1
2019-10-16,39.969933,0,1
2019-10-17,39.907173,0,1
2019-10-18,41.300903,0,1
2019-10-19,36.508106,0,1
2019-10-20,33.395668,0,1
2019-10-21,36.461235,0,1
2019-10-22,34.754055,0,1
2019-10-23,32.074093,0,1
2019-10-24,31.126421,0,1
2019-10-25,33.270706,0,1
2019-10-26,31.33286,0,1
2019-10-27,28.177593,0,1
2019-10-28,25.675146,0,1
2019-10-29,28.342186,0,1
2019-10-30,32.020916,0,1
2019-10-31,35.622936,0,1
2019-11-01,40.06029,0,1
2019-11-02,36.7334,0,1
2019-11-03,36.89548,0,1
2019-11-04,36.91835,0,1
2019-11-05,32.572144,0,1
2019-11-06,30.116228,0,1
2019-11-07,28.321358,0,1
2019-11-08,27.462446,0,1
2019-11-09,26.012379,0,1
2019-11-10,26.58058,0,1
2019-11-11,28.611626,0,1
2019-11-12,31.268362,0,1
2019-11-13,31.89476,0,1
2019-11-14,29.220142,0,1
2019-11-15,30.322716,0,1
2019-11-16,26.231056,0,1
2019-11-17,29.596346,0,1
2019-11-18,31.874332,0,1
2019-11-19,28.70069,0,1
2019-11-20,31.028023,0,1
2019-11-21,36.383854,0,1
2019-11-22,40.041336,0,1
2019-11-23,37.100636,0,1
2019-11-24,38.86294,0,1
2019-11-25,45.241867,0,1
2019-11-26,42.791374,0,1
2019-11-27,40.082775,0,1
2019-11-28,36.65647,0,1
2019-11-29,32.316975,0,1
2019-11-30,31.923069,0,1
2019-12-01,33.105644,0,1
2019-12-02,38.225353,0,1
2019-12-03,39.403374,0,1
2019-12-04,39.598885,0,1
2019-12-05,34.37946,0,1
2019-12-06,31.582327,0,1
2019-12-07,23.875555,0,1
2019-12-08,27.419466,0,1
2019-12-09,38.79853,0,1
2019-12-10,45.452686,0,1
2019-12-11,48.539745,0,1
2019-12-12,44.283966,0,1
2019-12-13,42.92702,0,1
2019-12-14,35.095837,0,1
2019-12-15,33.128513,0,1
2019-12-16,35.469616,0,1
2019-12-17,37.05523,0,1
2019-12-18,35.371613,0,1
2019-12-19,35.193306,0,1
2019-12-20,34.91899,0,1
2019-12-21,32.86752,0,1
2019-12-22,31.451761,0,1
2019-12-23,34.40868,0,1
2019-12-24,32.669785,0,1
2019-12-25,37.254726,0,1
2019-12-26,43.407326,0,1
2019-12-27,44.866695,0,1
2019-12-28,37.68548,0,1
2019-12-29,33.933804,0,1
2019-12-30,37.117977,0,1
2019-12-31,37.196453,0,1
2020-01-01,36.77129,0,1
2020-01-02,40.718002,0,1
2020-01-03,46.380802,0,1
2020-01-04,43.72017,0,1
2020-01-05,43.89659,0,1
2020-01-06,46.073772,0,1
2020-01-07,35.873657,0,1
2020-01-08,31.240648,0,1
2020-01-09,31.81396,0,1
2020-01-10,35.32925,0,1
2020-01-11,35.297108,0,1
2020-01-12,36.17984,0,1
2020-01-13,41.267513,0,1
2020-01-14,38.231915,0,1
2020-01-15,37.420456,0,1
2020-01-16,35.89267,0,1
2020-01-17,39.037144,0,1
2020-01-18,37.148384,0,1
2020-01-19,37.18527,0,1
2020-01-20,40.469067,0,1
2020-01-21,37.95393,0,1
2020-01-22,40.09477,0,1
2020-01-23,41.626457,0,1
2020-01-24,42.50563,0,1
2020-01-25,36.735626,0,1
2020-01-26,34.937386,0,1
2020-01-27,40.998905,0,1
2020-01-28,41.027576,0,1
2020-01-29,36.44134,0,1
2020-01-30,35.456562,0,1
2020-01-31,40.916557,0,1
2020-02-01,36.42316,0,1
2020-02-02,31.20059,0,1
2020-02-03,29.853489,0,1
2020-02-04,34.76181,0,1
2020-02-05,37.530575,0,1
2020-02-06,32.366817,0,1
2020-02-07,26.294256,0,1
2020-02-08,17.455149,0,1
2020-02-09,14.652221,0,1
2020-02-10,26.47634,0,1
2020-02-11,27.919554,0,1
2020-02-12,27.737196,0,1
2020-02-13,32.118057,0,1
2020-02-14,35.06649,0,1
2020-02-15,32.60724,0,1
2020-02-16,33.072056,0,1
2020-02-17,39.77621,0,1
2020-02-18,39.99298,0,1
2020-02-19,43.282837,0,1
2020-02-20,42.491364,0,1
2020-02-21,44.074783,0,1
2020-02-22,42.03191,0,1
2020-02-23,42.692734,0,1
2020-02-24,43.804367,0,1
2020-02-25,41.71195,0,1
2020-02-26,40.198395,0,1
2020-02-27,35.527626,0,1
2020-02-28,35.339886,0,1
2020-02-29,34.692978,0,1
2020-03-01,37.67752,0,1
2020-03-02,44.05683,0,1
2020-03-03,47.97592,0,1
2020-03-04,46.367428,0,1
2020-03-05,50.93667,0,1
2020-03-06,48.659405,0,1
2020-03-07,41.833202,0,1
2020-03-08,36.961662,0,1
2020-03-09,40.94766,0,1
2020-03-10,44.291874,0,1
2020-03-11,46.401062,0,1
2020-03-12,46.624054,0,1
2020-03-13,44.86508,0,1
2020-03-14,40.685707,0,1
2020-03-15,42.747875,0,1
2020-03-16,43.88443,0,1
2020-03-17,39.680313,0,1
2020-03-18,35.89574,0,1
2020-03-19,34.49035,0,1
2020-03-20,37.84819,0,1
2020-03-21,33.10427,0,1
2020-03-22,32.154373,0,1
2020-03-23,32.53403,0,1
2020-03-24,31.130278,0,1
2020-03-25,30.084698,0,1
2020-03-26,36.993988,0,1
2020-03-27,42.063515,0,1
2020-03-28,37.827347,0,1
2020-03-29,38.019505,0,1
2020-03-30,42.649963,0,1
2020-03-31,40.357353,0,1
2020-04-01,39.07317,0,1
2020-04-02,34.87051,0,1
2020-04-03,34.681023,0,1
2020-04-04,34.90625,0,1
2020-04-05,35.346897,0,1
2020-04-06,38.734734,0,1
2020-04-07,32.751266,0,1
2020-04-08,31.207159,0,1
2020-04-09,30.654753,0,1
2020-04-10,32.08443,0,1
2020-04-11,30.878832,0,1
2020-04-12,32.67451,0,1
2020-04-13,38.93868,0,1
2020-04-14,41.4304,0,1
2020-04-15,43.803307,0,1
2020-04-16,42.706543,0,1
2020-04-17,39.178238,0,1
2020-04-18,32.98064,0,1
2020-04-19,31.082773,0,1
2020-04-20,33.20744,0,1
2020-04-21,36.975323,0,1
2020-04-22,43.47869,0,1
2020-04-23,46.601303,0,1
2020-04-24,42.613956,0,1
2020-04-25,34.12075,0,1
2020-04-26,30.691687,0,1
2020-04-27,34.42045,0,1
2020-04-28,28.495317,0,1
2020-04-29,27.084913,0,1
2020-04-30,25.579023,0,1
2020-05-01,32.86367,0,1
2020-05-02,29.191637,0,1
2020-05-03,27.252623,0,1
2020-05-04,31.411802,0,1
2020-05-05,30.534494,0,1
2020-05-06,31.2002,0,1
2020-05-07,35.54176,0,1
2020-05-08,44.08495,0,1
2020-05-09,39.637634,0,1
2020-05-10,39.55661,0,1
2020-05-11,39.319748,0,1
2020-05-12,40.97298,0,1
2020-05-13,38.013668,0,1
2020-05-14,42.22358,0,1
2020-05-15,47.43039,0,1
2020-05-16,47.416775,0,1
2020-05-17,49.078735,0,1
2020-05-18,56.90584,0,1
2020-05-19,55.32919,0,1
2020-05-20,52.312115,0,1
2020-05-21,45.18883,0,1
2020-05-22,43.813606,0,1
2020-05-23,32.681004,0,1
2020-05-24,33.178066,0,1
2020-05-25,34.38955,0,1
2020-05-26,34.087753,0,1
2020-05-27,31.129827,0,1
2020-05-28,37.095154,0,1
2020-05-29,39.47013,0,1
2020-05-30,37.72505,0,1
2020-05-31,36.760643,0,1
2020-06-01,38.138405,0,1
2020-06-02,34.175587,0,1
2020-06-03,33.001682,0,1
2020-06-04,34.26832,0,1
2020-06-05,35.532635,0,1
2020-06-06,33.629375,0,1
2020-06-07,31.940956,0,1
2020-06-08,34.97701,0,1
2020-06-09,32.32626,0,1
2020-06-10,31.408417,0,1
2020-06-11,33.175102,0,1
2020-06-12,37.41611,0,1
2020-06-13,36.479153,0,1
2020-06-14,36.97234,0,1
2020-06-15,43.52996,0,1
2020-06-16,42.777702,0,1
2020-06-17,39.238552,0,1
2020-06-18,34.650894,0,1
2020-06-19,33.032562,0,1
2020-06-20,28.39636,0,1
2020-06-21,29.167864,0,1
2020-06-22,32.525818,0,1
2020-06-23,36.066303,0,1
2020-06-24,38.622013,0,1
2020-06-25,36.2815,0,1
2020-06-26,34.358234,0,1
2020-06-27,31.439074,0,1
2020-06-28,33.51329,0,1
2020-06-29,37.573868,0,1
2020-06-30,35.216278,0,1
2020-07-01,34.304768,0,1
2020-07-02,32.52511,0,1
2020-07-03,32.695812,0,1
2020-07-04,32.03444,0,1
2020-07-05,31.36357,0,1
2020-07-06,38.746223,0,1
2020-07-07,37.944942,0,1
2020-07-08,37.186146,0,1
2020-07-09,34.944607,0,1
2020-07-10,33.439606,0,1
2020-07-11,26.655008,0,1
2020-07-12,24.540407,0,1
2020-07-13,25.65312,0,1
2020-07-14,29.055824,0,1
2020-07-15,32.33474,0,1
2020-07-16,34.191715,0,1
2020-07-17,37.68281,0,1
2020-07-18,32.824936,0,1
2020-07-19,33.273354,0,1
2020-07-20,37.36403,0,1
2020-07-21,35.86438,0,1
2020-07-22,36.935593,0,1
2020-07-23,40.39553,0,1
2020-07-24,44.125732,0,1
2020-07-25,36.754208,0,1
2020-07-26,34.827923,0,1
2020-07-27,40.4065,0,1
2020-07-28,36.641033,0,1
2020-07-29,31.204853,0,1
2020-07-30,31.509739,0,1
2020-07-31,31.50688,0,1
2020-08-01,28.036474,0,1
2020-08-02,30.332071,0,1
2020-08-03,35.04532,0,1
2020-08-04,33.8394,0,1
2020-08-05,35.34322,0,1
2020-08-06,39.630905,0,1
2020-08-07,37.060635,0,1
2020-08-08,33.32401,0,1
2020-08-09,30.784166,0,1
2020-08-10,34.56262,0,1
2020-08-11,35.184765,0,1
2020-08-12,40.177704,0,1
2020-08-13,41.43379,0,1
2020-08-14,38.500935,0,1
2020-08-15,32.111362,0,1
2020-08-16,30.133743,0,1
2020-08-17,33.92404,0,1
2020-08-18,33.87178,0,1
2020-08-19,37.66086,0,1
2020-08-20,41.928913,0,1
2020-08-21,42.239452,0,1
2020-08-22,32.46256,0,1
2020-08-23,26.2421,0,1
2020-08-24,30.441484,0,1
2020-08-25,34.108707,0,1
2020-08-26,38.886265,0,1
2020-08-27,40.32712,0,1
2020-08-28,42.188553,0,1
2020-08-29,29.17732,0,1
2020-08-30,23.911636,0,1
2020-08-31,29.300575,0,1
2020-09-01,35.403072,0,1
2020-09-02,37.644604,0,1
2020-09-03,37.96006,0,1
2020-09-04,35.027145,0,1
2020-09-05,31.236784,0,1
2020-09-06,26.293715,0,1
2020-09-07,28.154026,0,1
2020-09-08,27.819162,0,1
2020-09-09,32.396038,0,1
2020-09-10,38.43684,0,1
2020-09-11,41.746788,0,1
2020-09-12,40.263493,0,1
2020-09-13,37.45468,0,1
2020-09-14,40.58884,0,1
2020-09-15,36.54812,0,1
2020-09-16,39.41709,0,1
2020-09-17,35.57637,0,1
2020-09-18,34.711655,0,1
2020-09-19,31.018606,0,1
2020-09-20,34.05309,0,1
2020-09-21,41.833942,0,1
2020-09-22,40.23309,0,1
2020-09-23,36.36446,0,1
2020-09-24,36.515785,0,1
2020-09-25,35.814533,0,1
2020-09-26,32.95182,0,1
2020-09-27,32.484974,0,1
2020-09-28,31.787159,0,1
2020-09-29,34.145924,0,1
2020-09-30,37.943428,0,1
2020-10-01,41.631973,0,1
2020-10-02,41.803482,0,1
2020-10-03,37.060253,0,1
2020-10-04,35.93093,0,1
2020-10-05,41.6929,0,1
2020-10-06,38.958954,0,1
2020-10-07,34.60163,0,1
2020-10-08,30.604551,0,1
2020-10-09,28.192305,0,1
2020-10-10,27.696829,0,1
2020-10-11,31.335007,0,1
2020-10-12,38.277763,0,1
2020-10-13,39.505325,0,1
2020-10-14,38.404045,0,1
2020-10-15,40.663807,0,1
2020-10-16,35.46678,0,1
2020-10-17,28.963005,0,1
2020-10-18,28.716856,0,1
2020-10-19,32.254795,0,1
2020-10-20,27.791262,0,1
2020-10-21,27.487854,0,1
2020-10-22,27.920378,0,1
2020-10-23,30.428585,0,1
2020-10-24,29.991661,0,1
2020-10-25,31.842867,0,1
2020-10-26,36.984352,0,1
2020-10-27,37.07227,0,1
2020-10-28,42.24329,0,1
2020-10-29,46.771088,0,1
2020-10-30,49.281036,0,1
2020-10-31,44.144146,0,1
2020-11-01,42.86977,0,1
2020-11-02,45.12118,0,1
2020-11-03,42.982567,0,1
2020-11-04,41.008568,0,1
2020-11-05,37.87243,0,1
2020-11-06,37.64595,0,1
2020-11-07,30.830221,0,1
2020-11-08,30.511951,0,1
2020-11-09,32.856026,0,1
2020-11-10,32.974606,0,1
2020-11-11,32.97943,0,1
2020-11-12,33.046505,0,1
2020-11-13,31.518507,0,1
2020-11-14,30.390896,0,1
2020-11-15,31.588741,0,1
2020-11-16,36.779613,0,1
2020-11-17,39.17814,0,1
2020-11-18,43.47248,0,1
2020-11-19,46.883663,0,1
2020-11-20,42.37349,0,1
2020-11-21,32.35017,0,1
2020-11-22,27.404583,0,1
2020-11-23,30.364235,0,1
2020-11-24,30.789833,0,1
2020-11-25,33.51879,0,1
2020-11-26,39.173367,0,1
2020-11-27,41.843174,0,1
2020-11-28,38.567745,0,1
2020-11-29,41.444447,0,1
2020-11-30,42.12028,0,1
2020-12-01,39.015102,0,1
2020-12-02,35.079746,0,1
2020-12-03,33.564,0,1
2020-12-04,34.403584,0,1
2020-12-05,33.641964,0,1
2020-12-06,36.93026,0,1
2020-12-07,41.9569,0,1
2020-12-08,42.57235,0,1
2020-12-09,39.764214,0,1
2020-12-10,36.922432,0,1
2020-12-11,38.666122,0,1
2020-12-12,36.384277,0,1
2020-12-13,36.415306,0,1
2020-12-14,40.572083,0,1
2020-12-15,38.436783,0,1
2020-12-16,38.120506,0,1
2020-12-17,38.90411,0,1
2020-12-18,43.44748,0,1
2020-12-19,39.630905,0,1
2020-12-20,36.502487,0,1
2020-12-21,39.58708,0,1
2020-12-22,39.200367,0,1
2020-12-23,42.224487,0,1
2020-12-24,43.070007,0,1
2020-12-25,43.621357,0,1
2020-12-26,37.918346,0,1
2020-12-27,39.335476,0,1
2020-12-28,42.16583,0,1
2020-12-29,40.653954,0,1
2020-12-30,40.244453,0,1
2020-12-31,43.079166,0,1
2021-01-01,40.547455,0,1
2021-01-02,34.19235,0,1
2021-01-03,36.686913,0,1
2021-01-04,45.7403,0,1
2021-01-05,47.149334,0,1
2021-01-06,43.16784,0,1
2021-01-07,34.09591,0,1
2021-01-08,28.940596,0,1
2021-01-09,29.20023,0,1
2021-01-10,26.210943,0,1
2021-01-11,33.668533,0,1
2021-01-12,31.353226,0,1
2021-01-13,38.950207,0,1
2021-01-14,43.249344,0,1
2021-01-15,45.42437,0,1
2021-01-16,38.52334,0,1
2021-01-17,34.465633,0,1
2021-01-18,38.1895,0,1
2021-01-19,36.62558,0,1
2021-01-20,39.295357,0,1
2021-01-21,36.37348,0,1
2021-01-22,32.734108,0,1
2021-01-23,24.24467,0,1
2021-01-24,20.086338,0,1
2021-01-25,25.087273,0,1
2021-01-26,30.034315,0,1
2021-01-27,33.434242,0,1
2021-01-28,35.267673,0,1
2021-01-29,40.56215,0,1
2021-01-30,34.48935,0,1
2021-01-31,34.090668,0,1
2021-02-01,40.67677,0,1
2021-02-02,46.530987,0,1
2021-02-03,49.040257,0,1
2021-02-04,43.65187,0,1
2021-02-05,39.41858,0,1
2021-02-06,32.291164,0,1
2021-02-07,32.109615,0,1
2021-02-08,35.206554,0,1
2021-02-09,36.863976,0,1
2021-02-10,33.175117,0,1
2021-02-11,36.78289,0,1
2021-02-12,42.80797,0,1
2021-02-13,37.41244,0,1
2021-02-14,36.896416,0,1
2021-02-15,36.90916,0,1
2021-02-16,34.51296,0,1
2021-02-17,35.533474,0,1
2021-02-18,32.050888,0,1
2021-02-19,32.71537,0,1
2021-02-20,33.105923,0,1
2021-02-21,33.090256,0,1
2021-02-22,36.534554,0,1
2021-02-23,40.09255,0,1
2021-02-24,40.508343,0,1
2021-02-25,41.257996,0,1
2021-02-26,40.636673,0,1
2021-02-27,33.90681,0,1
2021-02-28,33.348835,0,1
2021-03-01,38.17304,0,1
2021-03-02,41.929924,0,1
2021-03-03,41.53646,0,1
2021-03-04,36.752148,0,1
2021-03-05,34.032845,0,1
2021-03-06,29.879442,0,1
2021-03-07,29.504091,0,1
2021-03-08,33.910175,0,1
2021-03-09,33.397057,0,1
2021-03-10,36.249493,0,1
2021-03-11,35.672646,0,1
2021-03-12,37.489624,0,1
2021-03-13,30.48157,0,1
2021-03-14,27.899935,0,1
2021-03-15,31.700405,0,1
2021-03-16,37.566643,0,1
2021-03-17,38.08238,0,1
2021-03-18,36.64959,0,1
2021-03-19,39.46652,0,1
2021-03-20,35.442978,0,1
2021-03-21,34.227863,0,1
2021-03-22,37.898697,0,1
2021-03-23,39.80435,0,1
2021-03-24,39.404083,0,1
2021-03-25,35.864445,0,1
2021-03-26,35.292255,0,1
2021-03-27,29.529737,0,1
2021-03-28,29.167753,0,1
2021-03-29,30.770773,0,1
2021-03-30,30.286287,0,1
2021-03-31,32.16316,0,1
2021-04-01,35.991543,0,1
2021-04-02,41.983383,0,1
2021-04-03,38.252857,0,1
2021-04-04,36.061523,0,1
2021-04-05,42.185356,0,1
2021-04-06,48.233883,0,1
2021-04-07,46.32099,0,1
2021-04-08,44.147575,0,1
2021-04-09,39.999176,0,1
2021-04-10,35.8326,0,1
2021-04-11,34.063778,0,1
2021-04-12,35.805214,0,1
2021-04-13,33.77818,0,1
2021-04-14,37.461975,0,1
2021-04-15,42.223,0,1
2021-04-16,42.69141,0,1
2021-04-17,32.36417,0,1
2021-04-18,29.065544,0,1
2021-04-19,35.803223,0,1
2021-04-20,40.360897,0,1
2021-04-21,42.618046,0,1
2021-04-22,44.5545,0,1
2021-04-23,46.460117,0,1
2021-04-24,40.801735,0,1
2021-04-25,41.262238,0,1
2021-04-26,41.170166,0,1
2021-04-27,37.72247,0,1
2021-04-28,35.79194,0,1
2021-04-29,39.37611,0,1
2021-04-30,40.416348,0,1
2021-05-01,38.510914,0,1
2021-05-02,39.585045,0,1
2021-05-03,44.200424,0,1
2021-05-04,40.333282,0,1
2021-05-05,35.693535,0,1
2021-05-06,30.786749,0,1
2021-05-07,30.026352,0,1
2021-05-08,27.046564,0,1
2021-05-09,32.954006,0,1
2021-05-10,40.414795,0,1
2021-05-11,38.958527,0,1
2021-05-12,34.880085,0,1
2021-05-13,33.186466,0,1
2021-05-14,34.283974,0,1
2021-05-15,35.59819,0,1
2021-05-16,33.703762,0,1
2021-05-17,31.98939,0,1
2021-05-18,28.404673,0,1
2021-05-19,26.379509,0,1
2021-05-20,23.891449,0,1
2021-05-21,27.510134,0,1
2021-05-22,28.636238,0,1
2021-05-23,31.084835,0,1
2021-05-24,36.299385,0,1
2021-05-25,36.593765,0,1
2021-05-26,34.06661,0,1
2021-05-27,34.48718,0,1
2021-05-28,41.030937,0,1
2021-05-29,40.55111,0,1
2021-05-30,40.82442,0,1
2021-05-31,46.894207,0,1
2021-06-01,40.11227,0,1
2021-06-02,35.94156,0,1
2021-06-03,32.928303,0,1
2021-06-04,38.148884,0,1
2021-06-05,36.28435,0,1
2021-06-06,35.794247,0,1
2021-06-07,38.511173,0,1
2021-06-08,39.50636,0,1
2021-06-09,39.14415,0,1
2021-06-10,40.974197,0,1
2021-06-11,38.71901,0,1
2021-06-12,33.869583,0,1
2021-06-13,30.69368,0,1
2021-06-14,32.130177,0,1
2021-06-15,33.590267,0,1
2021-06-16,35.58808,0,1
2021-06-17,35.587547,0,1
2021-06-18,33.125633,0,1
2021-06-19,26.423325,0,1
2021-06-20,24.082035,0,1
2021-06-21,24.69405,0,1
2021-06-22,27.28309,0,1
2021-06-23,36.10591,0,1
2021-06-24,39.283363,0,1
2021-06-25,37.69562,0,1
2021-06-26,28.211203,0,1
2021-06-27,30.592289,0,1
2021-06-28,36.389328,0,1
2021-06-29,38.290516,0,1
2021-06-30,37.04168,0,1
2021-07-01,33.54656,0,1
2021-07-02,34.814705,0,1
2021-07-03,33.846573,0,1
2021-07-04,36.549286,0,1
2021-07-05,45.99081,0,1
2021-07-06,41.591415,0,1
2021-07-07,34.933365,0,1
2021-07-08,33.045162,0,1
2021-07-09,35.14239,0,1
2021-07-10,29.628529,0,1
2021-07-11,28.1371,0,1
2021-07-12,28.227352,0,1
2021-07-13,28.822018,0,1
2021-07-14,29.815056,0,1
2021-07-15,34.358818,0,1
2021-07-16,36.83326,0,1
2021-07-17,29.617496,0,1
2021-07-18,27.545357,0,1
2021-07-19,33.659466,0,1
2021-07-20,39.393482,0,1
2021-07-21,34.55662,0,1
2021-07-22,29.805752,0,1
2021-07-23,26.017359,0,1
2021-07-24,27.16464,0,1
2021-07-25,34.00597,0,1
2021-07-26,40.435318,0,1
2021-07-27,40.64546,0,1
2021-07-28,36.755493,0,1
2021-07-29,34.927753,0,1
2021-07-30,33.04668,0,1
2021-07-31,22.472546,0,1
2021-08-01,20.42139,0,1
2021-08-02,24.349916,0,1
2021-08-03,31.759602,0,1
2021-08-04,36.910755,0,1
2021-08-05,42.033455,0,1
2021-08-06,41.19355,0,1
2021-08-07,34.961246,0,1
2021-08-08,34.15015,0,1
2021-08-09,35.34923,0,1
2021-08-10,35.028294,0,1
2021-08-11,36.872307,0,1
2021-08-12,43.476173,0,1
2021-08-13,47.703754,0,1
2021-08-14,44.465996,0,1
2021-08-15,39.459282,0,1
2021-08-16,41.253475,0,1
2021-08-17,36.65697,0,1
2021-08-18,38.608284,0,1
2021-08-19,38.481434,0,1
2021-08-20,37.55829,0,1
2021-08-21,35.620907,0,1
2021-08-22,35.77201,0,1
2021-08-23,45.627518,0,1
2021-08-24,54.525814,0,1
2021-08-25,55.184578,0,1
2021-08-26,54.01711,0,1
2021-08-27,50.41312,0,1
2021-08-28,45.420795,0,1
2021-08-29,39.04363,0,1
2021-08-30,42.083527,0,1
2021-08-31,37.542927,0,1
2021-09-01,39.719296,0,1
2021-09-02,41.692043,0,1
2021-09-03,43.00742,0,1
2021-09-04,39.004414,0,1
2021-09-05,38.04758,0,1
2021-09-06,40.906906,0,1
2021-09-07,41.35383,0,1
2021-09-08,44.23004,0,1
2021-09-09,44.257973,0,1
2021-09-10,42.954025,0,1
2021-09-11,37.88825,0,1
2021-09-12,36.65778,0,1
2021-09-13,42.88534,0,1
2021-09-14,40.68653,0,1
2021-09-15,36.69913,0,1
2021-09-16,35.36826,0,1
2021-09-17,39.173115,0,1
2021-09-18,36.52467,0,1
2021-09-19,35.56988,0,1
2021-09-20,35.31558,0,1
2021-09-21,32.654037,0,1
2021-09-22,35.095417,0,1
2021-09-23,36.99134,0,1
2021-09-24,33.409733,0,1
2021-09-25,27.272184,0,1
2021-09-26,26.989937,0,1
2021-09-27,32.26311,0,1
2021-09-28,35.85256,0,1
2021-09-29,39.62888,0,1
2021-09-30,46.705555,0,1
2021-10-01,42.755802,0,1
2021-10-02,33.792183,0,1
2021-10-03,28.860943,0,1
2021-10-04,29.560387,0,1
2021-10-05,30.041643,0,1
2021-10-06,33.29849,0,1
2021-10-07,36.075512,0,1
2021-10-08,40.619823,0,1
2021-10-09,39.85011,0,1
2021-10-10,38.467186,0,1
2021-10-11,41.33405,0,1
2021-10-12,41.09081,0,1
2021-10-13,41.459927,0,1
2021-10-14,39.648823,0,1
2021-10-15,35.79315,0,1
2021-10-16,33.066734,0,1
2021-10-17,38.086525,0,1
2021-10-18,41.923866,0,1
2021-10-19,39.59724,0,1
2021-10-20,38.864796,0,1
2021-10-21,37.86783,0,1
2021-10-22,34.540676,0,1
2021-10-23,29.165419,0,1
2021-10-24,30.491602,0,1
2021-10-25,36.20232,0,1
2021-10-26,35.572296,0,1
2021-10-27,35.607864,0,1
2021-10-28,32.39524,0,1
2021-10-29,31.009563,0,1
2021-10-30,23.920885,0,1
2021-10-31,28.276718,0,1
2021-11-01,42.64481,0,1
2021-11-02,44.159122,0,1
2021-11-03,43.316673,0,1
2021-11-04,44.18851,0,1
2021-11-05,46.288666,0,1
2021-11-06,40.028927,0,1
2021-11-07,42.461876,0,1
2021-11-08,44.464783,0,1
2021-11-09,44.0277,0,1
2021-11-10,41.677307,0,1
2021-11-11,37.050343,0,1
2021-11-12,34.636345,0,1
2021-11-13,27.250607,0,1
2021-11-14,27.578875,0,1
2021-11-15,28.15811,0,1
2021-11-16,27.750893,0,1
2021-11-17,27.690897,0,1
2021-11-18,27.618204,0,1
2021-11-19,33.302322,0,1
2021-11-20,34.541065,0,1
2021-11-21,37.491295,0,1
2021-11-22,37.854797,0,1
2021-11-23,33.299854,0,1
2021-11-24,29.836433,0,1
2021-11-25,36.595226,0,1
2021-11-26,42.2501,0,1
2021-11-27,38.111023,0,1
2021-11-28,35.462082,0,1
2021-11-29,39.350716,0,1
2021-11-30,38.80464,0,1
2021-12-01,40.62329,0,1
2021-12-02,36.262123,0,1
2021-12-03,36.197826,0,1
2021-12-04,32.901222,0,1
2021-12-05,32.892467,0,1
2021-12-06,36.91807,0,1
2021-12-07,39.628323,0,1
2021-12-08,39.202217,0,1
2021-12-09,37.57204,0,1
2021-12-10,38.76761,0,1
2021-12-11,33.95905,0,1
2021-12-12,31.879925,0,1
2021-12-13,36.256493,0,1
2021-12-14,38.56748,0,1
2021-12-15,43.580765,0,1
2021-12-16,42.808075,0,1
2021-12-17,39.178307,0,1
2021-12-18,34.760235,0,1
2021-12-19,26.618944,0,1
2021-12-20,26.1004,0,1
2021-12-21,21.306269,0,1
2021-12-22,20.78972,0,1
2021-12-23,26.660973,0,1
2021-12-24,34.04437,0,1
2021-12-25,33.02862,0,1
2021-12-26,35.17028,0,1
2021-12-27,35.138893,0,1
2021-12-28,32.179287,0,1
2021-12-29,32.04686,0,1
2021-12-30,35.46356,0,1
2021-12-31,39.78628,0,1
2022-01-01,38.092907,0,1
2022-01-02,36.58692,0,1
2022-01-03,42.887104,0,1
2022-01-04,45.96954,0,1
2022-01-05,44.57385,0,1
2022-01-06,43.410305,0,1
2022-01-07,45.398163,0,1
2022-01-08,43.15974,0,1
2022-01-09,42.281925,0,1
2022-01-10,42.22812,0,1
2022-01-11,33.476627,0,1
2022-01-12,35.476673,0,1
2022-01-13,33.16354,0,1
2022-01-14,35.01222,0,1
2022-01-15,27.404556,0,1
2022-01-16,31.204441,0,1
2022-01-17,38.75624,0,1
2022-01-18,39.13514,0,1
2022-01-19,39.21015,0,1
2022-01-20,42.897797,0,1
2022-01-21,41.124676,0,1
2022-01-22,32.691586,0,1
2022-01-23,29.297878,0,1
2022-01-24,27.780588,0,1
2022-01-25,29.167063,0,1
2022-01-26,32.170113,0,1
2022-01-27,35.508686,0,1
2022-01-28,37.33951,0,1
2022-01-29,33.668957,0,1
2022-01-30,25.39807,0,1
2022-01-31,22.846508,0,1
2022-02-01,18.62252,0,1
2022-02-02,23.003164,0,1
2022-02-03,33.201263,0,1
2022-02-04,37.44545,0,1
2022-02-05,32.7873,0,1
2022-02-06,30.451466,0,1
2022-02-07,35.87558,0,1
2022-02-08,35.06537,0,1
2022-02-09,34.253323,0,1
2022-02-10,31.970697,0,1
2022-02-11,33.4931,0,1
2022-02-12,32.728394,0,1
2022-02-13,35.209023,0,1
2022-02-14,37.494415,0,1
2022-02-15,38.540764,0,1
2022-02-16,39.056854,0,1
2022-02-17,39.49905,0,1
2022-02-18,37.23098,0,1
2022-02-19,32.79108,0,1
2022-02-20,34.68484,0,1
2022-02-21,39.87161,0,1
2022-02-22,37.67866,0,1
2022-02-23,31.827663,0,1
2022-02-24,36.098907,0,1
2022-02-25,34.15831,0,1
2022-02-26,35.06382,0,1
2022-02-27,35.01481,0,1
2022-02-28,40.32966,0,1
2022-03-01,35.958477,0,1
2022-03-02,33.25623,0,1
2022-03-03,37.95109,0,1
2022-03-04,40.4943,0,1
2022-03-05,36.675655,0,1
2022-03-06,36.36741,0,1
2022-03-07,37.68967,0,1
2022-03-08,36.58658,0,1
2022-03-09,36.3449,0,1
2022-03-10,41.071304,0,1
2022-03-11,45.968082,0,1
2022-03-12,40.874992,0,1
2022-03-13,36.70861,0,1
2022-03-14,37.20676,0,1
2022-03-15,38.038208,0,1
2022-03-16,38.413597,0,1
2022-03-17,40.45922,0,1
2022-03-18,42.074696,0,1
2022-03-19,37.24903,0,1
2022-03-20,33.75971,0,1
2022-03-21,37.336277,0,1
2022-03-22,33.227646,0,1
2022-03-23,32.192604,0,1
2022-03-24,39.24263,0,1
2022-03-25,42.64909,0,1
2022-03-26,39.982258,0,1
2022-03-27,39.660275,0,1
2022-03-28,37.023987,0,1
2022-03-29,36.48407,0,1
2022-03-30,33.69939,0,1
2022-03-31,35.775818,0,1
2022-04-01,38.638298,0,1
2022-04-02,34.280067,0,1
2022-04-03,35.47865,0,1
2022-04-04,41.469574,0,1
2022-04-05,42.18981,0,1
2022-04-06,39.606236,0,1
2022-04-07,36.989403,0,1
2022-04-08,30.353252,0,1
2022-04-09,27.159367,0,1
2022-04-10,27.918285,0,1
2022-04-11,27.893574,0,1
2022-04-12,30.293726,0,1
2022-04-13,35.869064,0,1
2022-04-14,39.71317,0,1
2022-04-15,38.219482,0,1
2022-04-16,27.611214,0,1
2022-04-17,26.833332,0,1
2022-04-18,30.104183,0,1
2022-04-19,34.126595,0,1
2022-04-20,32.89449,0,1
2022-04-21,34.312305,0,1
2022-04-22,30.963696,0,1
2022-04-23,26.53128,0,1
2022-04-24,27.087263,0,1
2022-04-25,36.290386,0,1
2022-04-26,36.939198,0,1
2022-04-27,34.91916,0,1
2022-04-28,36.248257,0,1
2022-04-29,40.81295,0,1
2022-04-30,36.384197,0,1
2022-05-01,36.150597,0,1
2022-05-02,38.33377,0,1
2022-05-03,18.378885,1,1
2022-05-04,16.680202,1,1
2022-05-05,13.741123,1,1
2022-05-06,13.982391,1,1
2022-05-07,9.079703,1,1
2022-05-08,10.235558,1,1
2022-05-09,12.652649,1,1
2022-05-10,13.031376,1,1
2022-05-11,15.378154,1,1
2022-05-12,16.804543,1,1
2022-05-13,18.95922,1,1
2022-05-14,14.361642,1,1
2022-05-15,29.692625,0,1
2022-05-16,32.015064,0,1
2022-05-17,32.13994,0,1
2022-05-18,32.636524,0,1
2022-05-19,36.164963,0,1
2022-05-20,38.47377,0,1
2022-05-21,39.961075,0,1
2022-05-22,40.848312,0,1
2022-05-23,44.954704,0,1
2022-05-24,42.47619,0,1
2022-05-25,45.17103,0,1
2022-05-26,46.24024,0,1
2022-05-27,44.4383,0,1
2022-05-28,34.536484,0,1
2022-05-29,30.832851,0,1
2022-05-30,35.47036,0,1
2022-05-31,35.03654,0,1
2022-06-01,39.50067,0,1
2022-06-02,41.47393,0,1
2022-06-03,42.404263,0,1
2022-06-04,34.143833,0,1
2022-06-05,30.93744,0,1
2022-06-06,36.13406,0,1
2022-06-07,35.503254,0,1
2022-06-08,36.47542,0,1
2022-06-09,38.72246,0,1
2022-06-10,38.84501,0,1
2022-06-11,32.948635,0,1
2022-06-12,32.918488,0,1
2022-06-13,40.407497,0,1
2022-06-14,47.062996,0,1
2022-06-15,50.442287,0,1
2022-06-16,46.539864,0,1
2022-06-17,41.360134,0,1
2022-06-18,35.3841,0,1
2022-06-19,31.353514,0,1
2022-06-20,33.943542,0,1
2022-06-21,31.763521,0,1
2022-06-22,35.57273,0,1
2022-06-23,40.326115,0,1
2022-06-24,42.238873,0,1
2022-06-25,32.7909,0,1
2022-06-26,28.150698,0,1
2022-06-27,30.024809,0,1
2022-06-28,33.195564,0,1
2022-06-29,33.192646,0,1
2022-06-30,33.104385,0,1
2022-07-01,32.01482,0,1
2022-07-02,30.729485,0,1
2022-07-03,31.506844,0,1
2022-07-04,37.945854,0,1
2022-07-05,39.1765,0,1
2022-07-06,39.89274,0,1
2022-07-07,39.858273,0,1
2022-07-08,40.41691,0,1
2022-07-09,32.45649,0,1
2022-07-10,29.705938,0,1
2022-07-11,35.23016,0,1
2022-07-12,31.502369,0,1
2022-07-13,27.126522,0,1
2022-07-14,28.091259,0,1
2022-07-15,36.345547,0,1
2022-07-16,35.11451,0,1
2022-07-17,37.190754,0,1
2022-07-18,41.215454,0,1
2022-07-19,43.28711,0,1
2022-07-20,44.95787,0,1
2022-07-21,46.02699,0,1
2022-07-22,46.60819,0,1
2022-07-23,43.888134,0,1
2022-07-24,41.378418,0,1
2022-07-25,49.38616,0,1
2022-07-26,49.84527,0,1
2022-07-27,47.632507,0,1
2022-07-28,38.172134,0,1
2022-07-29,34.61392,0,1
2022-07-30,28.281822,0,1
2022-07-31,30.364738,0,1
2022-08-01,37.253555,0,1
2022-08-02,38.67731,0,1
2022-08-03,35.67551,0,1
2022-08-04,30.225222,0,1
2022-08-05,33.662086,0,1
2022-08-06,32.75116,0,1
2022-08-07,34.950108,0,1
2022-08-08,45.117683,0,1
2022-08-09,47.152832,0,1
2022-08-10,45.203075,0,1
2022-08-11,44.492542,0,1
2022-08-12,44.63346,0,1
2022-08-13,39.841118,0,1
2022-08-14,37.521206,0,1
2022-08-15,39.45889,0,1
2022-08-16,42.67228,0,1
2022-08-17,45.24338,0,1
2022-08-18,42.231586,0,1
2022-08-19,42.70017,0,1
2022-08-20,35.479965,0,1
2022-08-21,38.614124,0,1
2022-08-22,44.4902,0,1
2022-08-23,44.88094,0,1
2022-08-24,35.32936,0,1
2022-08-25,32.271206,0,1
2022-08-26,30.232227,0,1
2022-08-27,31.34356,0,1
2022-08-28,33.024567,0,1
2022-08-29,34.262543,0,1
2022-08-30,31.836315,0,1
2022-08-31,32.20935,0,1
2022-09-01,35.427715,0,1
2022-09-02,34.28864,0,1
2022-09-03,28.659908,0,1
2022-09-04,26.906893,0,1
2022-09-05,30.646954,0,1
2022-09-06,29.201681,0,1
2022-09-07,29.981668,0,1
2022-09-08,31.750141,0,1
2022-09-09,30.205603,0,1
2022-09-10,26.326202,0,1
2022-09-11,26.076149,0,1
2022-09-12,28.048206,0,1
2022-09-13,31.979567,0,1
2022-09-14,32.824883,0,1
2022-09-15,29.401772,0,1
2022-09-16,27.22779,0,1
2022-09-17,27.490341,0,1
2022-09-18,31.92435,0,1
2022-09-19,38.51474,0,1
2022-09-20,35.494583,0,1
2022-09-21,38.186134,0,1
2022-09-22,38.39875,0,1
2022-09-23,41.378166,0,1
2022-09-24,33.75471,0,1
2022-09-25,31.109648,0,1
2022-09-26,30.16269,0,1
2022-09-27,31.16817,0,1
2022-09-28,37.856033,0,1
2022-09-29,44.074276,0,1
2022-09-30,39.16507,0,1
2022-10-01,29.491476,0,1
2022-10-02,31.24942,0,1
2022-10-03,43.634323,0,1
2022-10-04,47.067795,0,1
2022-10-05,45.746014,0,1
2022-10-06,38.759308,0,1
2022-10-07,32.55485,0,1
2022-10-08,23.451004,0,1
2022-10-09,18.581614,0,1
2022-10-10,21.883219,0,1
2022-10-11,26.303204,0,1
2022-10-12,28.237852,0,1
2022-10-13,29.776014,0,1
2022-10-14,32.141563,0,1
2022-10-15,32.44081,0,1
2022-10-16,35.667637,0,1
2022-10-17,37.700012,0,1
2022-10-18,32.978592,0,1
2022-10-19,32.788197,0,1
2022-10-20,37.239754,0,1
2022-10-21,43.131687,0,1
2022-10-22,41.444588,0,1
2022-10-23,40.981697,0,1
2022-10-24,45.08531,0,1
2022-10-25,45.50213,0,1
2022-10-26,46.19418,0,1
2022-10-27,42.248764,0,1
2022-10-28,42.01265,0,1
2022-10-29,37.467728,0,1
2022-10-30,37.426292,0,1
2022-10-31,41.06079,0,1
2022-11-01,43.043297,0,1
2022-11-02,42.254257,0,1
2022-11-03,43.10392,0,1
2022-11-04,40.525333,0,1
2022-11-05,34.24878,0,1
2022-11-06,33.8624,0,1
2022-11-07,38.34355,0,1
2022-11-08,39.366005,0,1
2022-11-09,40.27701,0,1
2022-11-10,47.50783,0,1
2022-11-11,44.987362,0,1
2022-11-12,34.860207,0,1
2022-11-13,31.528528,0,1
2022-11-14,38.422165,0,1
2022-11-15,43.091957,0,1
2022-11-16,38.417137,0,1
2022-11-17,33.27884,0,1
2022-11-18,35.7333,0,1
2022-11-19,32.826286,0,1
2022-11-20,32.270107,0,1
2022-11-21,36.27978,0,1
2022-11-22,34.454185,0,1
2022-11-23,35.588474,0,1
2022-11-24,37.657463,0,1
2022-11-25,38.48245,0,1
2022-11-26,38.094906,0,1
2022-11-27,36.098186,0,1
2022-11-28,44.131523,0,1
2022-11-29,46.394108,0,1
2022-11-30,47.47233,0,1
2022-12-01,50.613018,0,1
2022-12-02,48.100876,0,1
2022-12-03,38.051483,0,1
2022-12-04,30.66938,0,1
2022-12-05,33.114033,0,1
2022-12-06,32.948254,0,1
2022-12-07,34.24303,0,1
2022-12-08,34.577946,0,1
2022-12-09,31.641544,0,1
2022-12-10,24.655949,0,1
2022-12-11,25.950815,0,1
2022-12-12,34.076214,0,1
2022-12-13,41.60006,0,1
2022-12-14,43.517395,0,1
2022-12-15,47.36265,0,1
2022-12-16,44.4311,0,1
2022-12-17,37.21318,0,1
2022-12-18,36.44486,0,1
2022-12-19,39.603592,0,1
2022-12-20,32.535603,0,1
2022-12-21,26.799631,0,1
2022-12-22,21.242289,0,1
2022-12-23,24.839684,0,1
2022-12-24,25.473589,0,1
2022-12-25,31.108425,0,1
2022-12-26,41.255787,0,1
2022-12-27,41.70221,0,1
2022-12-28,39.37831,0,1
2022-12-29,36.70494,0,1
2022-12-30,36.807217,0,1
2022-12-31,31.095201,0,1
2023-01-01,30.842247,0,1
2023-01-02,33.802425,0,1
2023-01-03,32.558697,0,1
2023-01-04,32.841236,0,1
2023-01-05,36.53181,0,1
2023-01-06,41.713684,0,1
2023-01-07,38.03134,0,1
2023-01-08,37.300564,0,1
2023-01-09,39.990593,0,1
2023-01-10,41.783745,0,1
2023-01-11,41.600616,0,1
2023-01-12,43.36314,0,1
2023-01-13,43.185356,0,1
2023-01-14,34.040848,0,1
2023-01-15,32.828888,0,1
2023-01-16,31.55938,0,1
2023-01-17,26.386423,0,1
2023-01-18,25.919775,0,1
2023-01-19,27.097216,0,1
2023-01-20,27.208862,0,1
2023-01-21,22.894005,0,1
2023-01-22,26.993061,0,1
2023-01-23,35.23638,0,1
2023-01-24,35.778095,0,1
2023-01-25,41.16987,0,1
2023-01-26,43.61778,0,1
2023-01-27,44.82472,0,1
2023-01-28,36.21179,0,1
2023-01-29,33.936325,0,1
2023-01-30,36.112362,0,1
2023-01-31,39.005554,0,1
2023-02-01,36.021362,0,1
2023-02-02,37.842777,0,1
2023-02-03,37.30378,0,1
2023-02-04,35.9844,0,1
2023-02-05,30.656252,0,1
2023-02-06,34.960598,0,1
2023-02-07,35.38563,0,1
2023-02-08,39.00408,0,1
2023-02-09,33.187435,0,1
2023-02-10,31.497112,0,1
2023-02-11,28.208544,0,1
2023-02-12,30.42426,0,1
2023-02-13,35.08012,0,1
2023-02-14,30.777933,0,1
2023-02-15,30.839468,0,1
2023-02-16,33.05876,0,1
2023-02-17,35.28927,0,1
2023-02-18,34.913986,0,1
2023-02-19,41.57986,0,1
2023-02-20,47.40987,0,1
2023-02-21,46.583378,0,1
2023-02-22,46.92748,0,1
2023-02-23,43.49329,0,1
2023-02-24,40.50364,0,1
2023-02-25,30.158997,0,1
2023-02-26,30.175793,0,1
2023-02-27,35.197598,0,1
2023-02-28,39.917503,0,1
2023-03-01,44.788433,0,1
2023-03-02,43.989365,0,1
2023-03-03,43.796078,0,1
2023-03-04,34.581676,0,1
2023-03-05,28.519627,0,1
2023-03-06,28.671478,0,1
2023-03-07,31.515814,0,1
2023-03-08,31.42147,0,1
2023-03-09,35.55094,0,1
2023-03-10,39.298744,0,1
2023-03-11,34.403843,0,1
2023-03-12,32.906128,0,1
2023-03-13,37.969017,0,1
2023-03-14,39.9935,0,1
2023-03-15,45.82474,0,1
2023-03-16,46.18741,0,1
2023-03-17,44.14718,0,1
2023-03-18,38.797653,0,1
2023-03-19,38.12596,0,1
2023-03-20,42.33886,0,1
2023-03-21,40.432285,0,1
2023-03-22,36.6718,0,1
2023-03-23,32.527924,0,1
2023-03-24,28.456066,0,1
2023-03-25,22.43269,0,1
2023-03-26,23.140162,0,1
2023-03-27,30.20646,0,1
2023-03-28,37.670807,0,1
2023-03-29,41.623512,0,1
2023-03-30,39.535618,0,1
2023-03-31,36.2877,0,1
2023-04-01,27.929012,0,1
2023-04-02,24.479952,0,1
2023-04-03,23.844902,0,1
2023-04-04,24.662851,0,1
2023-04-05,21.398342,0,1
2023-04-06,15.869445,0,1
2023-04-07,20.316498,0,1
2023-04-08,27.705814,0,1
2023-04-09,27.962805,0,1
2023-04-10,26.601164,0,1
2023-04-11,26.168537,0,1
2023-04-12,32.14577,0,1
2023-04-13,39.914036,0,1
2023-04-14,38.32253,0,1
2023-04-15,35.70179,0,1
2023-04-16,33.802532,0,1
2023-04-17,36.292305,0,1
2023-04-18,33.684044,0,1
2023-04-19,31.627298,0,1
2023-04-20,31.681393,0,1
2023-04-21,34.273483,0,1
2023-04-22,28.291616,0,1
2023-04-23,25.186846,0,1
2023-04-24,28.19169,0,1
2023-04-25,30.661493,0,1
2023-04-26,36.168747,0,1
2023-04-27,39.142067,0,1
2023-04-28,31.505802,0,1
2023-04-29,26.073547,0,1
2023-04-30,28.429342,0,1
2023-05-01,35.688168,0,1
2023-05-02,36.345966,0,1
2023-05-03,38.1147,0,1
2023-05-04,32.37363,0,1
2023-05-05,31.18551,0,1
2023-05-06,29.418234,0,1
2023-05-07,31.829094,0,1
2023-05-08,36.914833,0,1
2023-05-09,36.81662,0,1
2023-05-10,40.125103,0,1
2023-05-11,37.19651,0,1
2023-05-12,33.25991,0,1
2023-05-13,30.352488,0,1
2023-05-14,32.945766,0,1
2023-05-15,38.54653,0,1
2023-05-16,36.331852,0,1
2023-05-17,40.34603,0,1
2023-05-18,40.17796,0,1
2023-05-19,41.232517,0,1
2023-05-20,32.175354,0,1
2023-05-21,27.682117,0,1
2023-05-22,29.97779,0,1
2023-05-23,35.4301,0,1
2023-05-24,39.832,0,1
2023-05-25,39.701904,0,1
2023-05-26,39.76514,0,1
2023-05-27,36.677814,0,1
2023-05-28,35.06511,0,1
2023-05-29,40.65775,0,1
2023-05-30,42.167057,0,1
2023-05-31,42.68575,0,1
2023-06-01,41.569637,0,1
2023-06-02,35.785664,0,1
2023-06-03,35.80053,0,1
2023-06-04,37.541237,0,1
2023-06-05,40.660133,0,1
2023-06-06,37.862366,0,1
2023-06-07,36.19648,0,1
2023-06-08,33.610455,0,1
2023-06-09,33.525978,0,1
2023-06-10,31.305342,0,1
2023-06-11,32.77324,0,1
2023-06-12,37.942467,0,1
2023-06-13,43.154884,0,1
2023-06-14,44.274937,0,1
2023-06-15,46.872917,0,1
2023-06-16,44.71312,0,1
2023-06-17,37.18759,0,1
2023-06-18,37.656494,0,1
2023-06-19,42.64847,0,1
2023-06-20,48.32348,0,1
2023-06-21,50.761665,0,1
2023-06-22,51.1698,0,1
2023-06-23,48.26225,0,1
2023-06-24,39.080803,0,1
2023-06-25,40.59145,0,1
2023-06-26,50.708633,0,1
2023-06-27,52.196804,0,1
2023-06-28,54.126934,0,1
2023-06-29,51.730145,0,1
2023-06-30,49.290916,0,1
2023-07-01,40.634975,0,1
2023-07-02,38.965137,0,1
2023-07-03,40.06378,0,1
2023-07-04,38.813396,0,1
2023-07-05,39.98293,0,1
2023-07-06,39.29825,0,1
2023-07-07,40.406494,0,1
2023-07-08,35.315254,0,1
2023-07-09,34.44486,0,1
2023-07-10,36.026913,0,1
2023-07-11,30.7503,0,1
2023-07-12,33.101402,0,1
2023-07-13,36.25098,0,1
2023-07-14,35.755196,0,1
2023-07-15,30.978718,0,1
2023-07-16,29.064287,0,1
2023-07-17,30.151045,0,1
2023-07-18,31.370947,0,1
2023-07-19,32.81369,0,1
2023-07-20,37.77656,0,1
2023-07-21,38.926838,0,1
2023-07-22,34.749687,0,1
2023-07-23,34.94125,0,1
2023-07-24,36.064747,0,1
2023-07-25,35.973072,0,1
2023-07-26,29.872305,0,1
2023-07-27,28.721651,0,1
2023-07-28,27.319778,0,1
2023-07-29,24.986404,0,1
2023-07-30,25.68615,0,1
2023-07-31,29.19805,0,1
2023-08-01,32.38877,0,1
2023-08-02,33.487823,0,1
2023-08-03,35.377815,0,1
2023-08-04,36.27144,0,1
2023-08-05,33.152332,0,1
2023-08-06,31.137274,0,1
2023-08-07,36.86991,0,1
2023-08-08,36.922077,0,1
2023-08-09,38.68231,0,1
2023-08-10,39.284374,0,1
2023-08-11,41.875797,0,1
2023-08-12,31.4145,0,1
2023-08-13,28.302233,0,1
2023-08-14,30.019539,0,1
2023-08-15,35.90902,0,1
2023-08-16,39.213116,0,1
2023-08-17,40.121555,0,1
2023-08-18,35.775463,0,1
2023-08-19,34.029266,0,1
2023-08-20,39.474426,0,1
2023-08-21,45.175488,0,1
2023-08-22,42.416035,0,1
2023-08-23,38.82685,0,1
2023-08-24,34.41834,0,1
2023-08-25,31.743464,0,1
2023-08-26,30.451796,0,1
2023-08-27,33.391613,0,1
2023-08-28,37.355114,0,1
2023-08-29,38.61805,0,1
2023-08-30,37.00552,0,1
2023-08-31,36.830936,0,1
2023-09-01,35.76292,0,1
2023-09-02,31.045727,0,1
2023-09-03,30.719625,0,1
2023-09-04,29.467422,0,1
2023-09-05,32.366028,0,1
2023-09-06,32.945335,0,1
2023-09-07,30.599209,0,1
2023-09-08,32.74808,0,1
2023-09-09,29.96281,0,1
2023-09-10,28.991198,0,1
2023-09-11,34.285748,0,1
2023-09-12,37.83125,0,1
2023-09-13,37.07783,0,1
2023-09-14,38.173996,0,1
2023-09-15,40.309574,0,1
2023-09-16,36.78912,0,1
2023-09-17,34.28224,0,1
2023-09-18,38.909664,0,1
2023-09-19,38.553886,0,1
2023-09-20,37.057056,0,1
2023-09-21,33.916378,0,1
2023-09-22,34.7492,0,1
2023-09-23,30.426844,0,1
2023-09-24,32.507885,0,1
2023-09-25,35.920555,0,1
2023-09-26,37.11237,0,1
2023-09-27,36.29402,0,1
2023-09-28,36.749065,0,1
2023-09-29,29.904861,0,1
2023-09-30,23.540167,0,1
2023-10-01,24.696978,0,1
2023-10-02,29.190622,0,1
2023-10-03,32.38414,0,1
2023-10-04,32.79199,0,1
2023-10-05,35.30954,0,1
2023-10-06,35.131294,0,1
2023-10-07,30.149351,0,1
2023-10-08,30.429602,0,1
2023-10-09,33.861004,0,1
2023-10-10,37.441074,0,1
2023-10-11,35.717354,0,1
2023-10-12,37.21031,0,1
2023-10-13,34.21723,0,1
2023-10-14,30.54906,0,1
2023-10-15,28.805597,0,1
2023-10-16,32.040314,0,1
2023-10-17,28.414658,0,1
2023-10-18,30.459787,0,1
2023-10-19,34.487755,0,1
2023-10-20,40.112232,0,1
2023-10-21,35.157104,0,1
2023-10-22,33.274216,0,1
2023-10-23,35.66741,0,1
2023-10-24,36.35886,0,1
2023-10-25,38.24754,0,1
2023-10-26,37.425064,0,1
2023-10-27,32.76174,0,1
2023-10-28,31.576218,0,1
2023-10-29,35.47645,0,1
2023-10-30,37.50952,0,1
2023-10-31,36.67304,0,1
2023-11-01,36.350674,0,1
2023-11-02,33.46291,0,1
2023-11-03,30.829372,0,1
2023-11-04,27.863777,0,1
2023-11-05,27.864746,0,1
2023-11-06,29.19394,0,1
2023-11-07,28.638462,0,1
2023-11-08,33.954174,0,1
